id,tweet_id,text,historical_reply,intent,resolution,escalate,label_notes
1,92681,@AppleSupport I’m glad I figured it out too. There’s only so many buttons on an iPhone. 😅 It was my Message app.,"@136066 For sure. Do you recall if there were several notifications crowding the lock screen, or just a few message notifications? Meet us in DM so we can provide guidance on trying to prevent this from recurring. https://t.co/GDrqU22YpT",device_or_software,Ask the customer to contact Apple Support by DM with the relevant details so the case can be investigated privately.,false,AI-assisted initial label from customer text and linked AppleSupport reply; human audit required before submission.
2,94909,@AppleSupport how do I know what app is requesting my password? This is a bit scary... https://t.co/hCl230xG14,"@136632 This would be a system prompt. Usually, for an email account you have signed into previously on your device. This is not normally a 3rd party app that would be requesting this.",account_access,Guide the customer through the official account-recovery or Apple Support flow for account access help.,false,AI-assisted initial label from customer text and linked AppleSupport reply; human audit required before submission.
3,38882,"@applesupport My iphone 6s hs crackling sound coming on call and whn I hold phn a little away from mouth, the person cannot hear my voice",@124483 We're here to help! Which version of the iOS is on the iPhone and when did you first notice this issue?,device_or_software,"Ask for the device model, software version, and issue details so Apple Support can troubleshoot.",false,AI-assisted initial label from customer text and linked AppleSupport reply; human audit required before submission.
4,80004,@115858 what in the fuck is “I.T”???,@133759 We'd be happy to look into this with you more in detail. Please reach out to us via DM and we'll get started. https://t.co/GDrqU22YpT,device_or_software,Ask the customer to contact Apple Support by DM with the relevant details so the case can be investigated privately.,false,AI-assisted initial label from customer text and linked AppleSupport reply; human audit required before submission.
5,41589,"@AppleSupport At the apple store in Paris, can I buy an iPad by paying half in cash and half in credit card?",@125147 Let's help get you into the right hands. Please reach out to us via: https://t.co/8yjRd1Xo0i and we can go from there.,refund_or_charge,Direct the customer to the official Apple Support contact channel for case-specific assistance.,false,AI-assisted initial label from customer text and linked AppleSupport reply; human audit required before submission.
6,143537,@148430 @148431 @115858 yo i updated and i still see the “! a in a square”,"@148429 We'd like to see if we can help. Do you see this when you're typing or in existing posts? Let us know in DM, and we'll continue from there. https://t.co/GDrqU22YpT",device_or_software,Ask the customer to contact Apple Support by DM with the relevant details so the case can be investigated privately.,false,AI-assisted initial label from customer text and linked AppleSupport reply; human audit required before submission.
7,35284,@AppleSupport These question mark boxes are about to make me mad lol please help,@123690 We'd be happy to see how we can help. Which device and OS version are you experiencing this on?,device_or_software,"Ask for the device model, software version, and issue details so Apple Support can troubleshoot.",false,AI-assisted initial label from customer text and linked AppleSupport reply; human audit required before submission.
8,206466,"@AppleSupport my iphone is able to find my mac, but my mac still cannot find my iphone on airdrop.","@164888 For our next steps, let's pair up in DM to dig a bit deeper. https://t.co/GDrqU22YpT",device_or_software,Ask the customer to contact Apple Support by DM with the relevant details so the case can be investigated privately.,false,AI-assisted initial label from customer text and linked AppleSupport reply; human audit required before submission.
9,40487,@124881 @AppleSupport Bec I’m having the same issue!,@124880 We're here for you. Please DM us the version of iOS you're using and we can go from there together. https://t.co/GDrqU22YpT,device_or_software,Ask the customer to contact Apple Support by DM with the relevant details so the case can be investigated privately.,false,AI-assisted initial label from customer text and linked AppleSupport reply; human audit required before submission.
10,45589,@AppleSupport @126095 I️ need help with this issue to,"@126096 Meet us in DM. Let us know your iOS version, and we'll see what we can do to help. https://t.co/GDrqU22YpT",device_or_software,Ask the customer to contact Apple Support by DM with the relevant details so the case can be investigated privately.,false,AI-assisted initial label from customer text and linked AppleSupport reply; human audit required before submission.
11,159565,@AppleSupport  I've noticed a steady deterioration in the battery life of my iPad Air 2 running iOS 11. It's three years old. Is there a way to run a diagnostics test to determine the battery condition?,@152734 Let's check this out together. Send us a DM with more details about this and we'll work from there: https://t.co/GDrqU22YpT,device_or_software,Ask the customer to contact Apple Support by DM with the relevant details so the case can be investigated privately.,false,AI-assisted initial label from customer text and linked AppleSupport reply; human audit required before submission.
12,87027,@AppleSupport Left home 20 minutes ago with full battery. Now on 28%. What a pile of 💩 your latest IOS is. And in the rind I’ve typed this tweet I’ve lost another 3 %.,"@135044 We can help out with battery life!  What iOS version is the device on, and which device are you currently using?",device_or_software,"Ask for the device model, software version, and issue details so Apple Support can troubleshoot.",false,AI-assisted initial label from customer text and linked AppleSupport reply; human audit required before submission.
13,193686,@AppleSupport It’s every thing from text WhatsApp to Facebook and maps,"@161543 Gotcha. Let's work together via DM. Please click here to continue, then share your iOS version (Settings &gt; General &gt; About): https://t.co/GDrqU22YpT",device_or_software,Ask the customer to contact Apple Support by DM with the relevant details so the case can be investigated privately.,false,AI-assisted initial label from customer text and linked AppleSupport reply; human audit required before submission.
14,11101,"@115858  @AppleSupport music and podcast “skip” around like a CD, then distorts and clears up in few seconds, only happens after iOS 11","@118095 We're here to help. Did this happen after a specific update, or just recently? Thanks!",device_or_software,Ask the customer to check the relevant software update and provide device details for further troubleshooting.,false,AI-assisted initial label from customer text and linked AppleSupport reply; human audit required before submission.
15,82042,"@AppleSupport Hi! When someone calls, the volume of the tone of my iPhone X goes down suddenly. Why? 🤔
I’ve tried to restart, to change the tone... And nothing works. 
Thanks for your help","@134156 We appreciate you reaching out. Can you send us a DM and explain a little more in detail? When you say the volume of the tone, do you mean the ringtone? https://t.co/GDrqU22YpT",device_or_software,Ask the customer to contact Apple Support by DM with the relevant details so the case can be investigated privately.,false,AI-assisted initial label from customer text and linked AppleSupport reply; human audit required before submission.
16,154429,@AppleSupport I ran a 5K yesterday and didn’t get my achievement award https://t.co/0I4d2SCw3Q,@151388 Hey there! Congratulations on the achievement. You will earn the award within 9 days of completing the Activity Challenge.,device_or_software,"Ask for the device model, software version, and issue details so Apple Support can troubleshoot.",false,AI-assisted initial label from customer text and linked AppleSupport reply; human audit required before submission.
17,52975,Ayo @AppleSupport - since updating to iOS11 my 7+ almost always dies around the 17/18% battery mark. Any solutions?,@127933 We'd like to take a closer look at your battery issues. DM us and we'll get started. https://t.co/GDrqU22YpT,device_or_software,Ask the customer to contact Apple Support by DM with the relevant details so the case can be investigated privately.,false,AI-assisted initial label from customer text and linked AppleSupport reply; human audit required before submission.
18,187457,@AppleSupport the new update sucks. Do I need my cellular data on to send texts to non iPhone friends?,@159990 Messages to friends not using iPhones are sent through your cellular carrier via SMS/MMS. Here's more: https://t.co/IYLXaFXS3h,device_or_software,"Ask for the device model, software version, and issue details so Apple Support can troubleshoot.",false,AI-assisted initial label from customer text and linked AppleSupport reply; human audit required before submission.
19,119473,@AppleSupport Thanks again. I can play some songs from the album but not certain ones. It’s the same on a few different albums with the same error message. Restarting my phone hasn’t fixed it,"@142507 We want to make sure we don't advise any steps that might result in downloaded songs being deleted. Try going to Settings &gt; [your name] &gt; iCloud and sign out. Then reboot, sign back in and try one of the same songs.",device_or_software,"Ask for the device model, software version, and issue details so Apple Support can troubleshoot.",false,AI-assisted initial label from customer text and linked AppleSupport reply; human audit required before submission.
20,161247,@AppleSupport New ones.,@153197 Are you using the Reminders app to create these reminder alerts or Siri? Tell us in a DM. https://t.co/GDrqU22YpT,device_or_software,Ask the customer to contact Apple Support by DM with the relevant details so the case can be investigated privately.,false,AI-assisted initial label from customer text and linked AppleSupport reply; human audit required before submission.
21,168898,@AppleSupport I have exhausted all options to try and sort an issue I have with my phone and not being able to download any new apps. I have only had this phone since June and I have been advised by someone in your support call team it’s a phone issue. Fix up Apple! I’m not happy,"@155301 Thanks so much for reaching back out. So we can look closer into this with you, reach out to us in DM using the link below and we'll continue from there. https://t.co/GDrqU22YpT",device_or_software,Ask the customer to contact Apple Support by DM with the relevant details so the case can be investigated privately.,false,AI-assisted initial label from customer text and linked AppleSupport reply; human audit required before submission.
22,94824,"Hey @VerizonSupport @115858 your activation server is still broken, been trying for an hour. https://t.co/TgSbhaMkW6",@136602 We'd like to see if we can't help. Have you tested your username/password combo on a different device to double check you have it correct? Join us in DM and we'll go from there. https://t.co/GDrqU22YpT,account_access,Ask the customer to contact Apple Support by DM with the relevant details so the case can be investigated privately.,false,AI-assisted initial label from customer text and linked AppleSupport reply; human audit required before submission.
23,123119,"Spent almost two hours on a chat with you guys, got transferred and a “Senior advisor” ended the chat on me after one message lol what a joke nothing resolved @AppleSupport",@143498 Thanks for reaching out. Have you been reconnected as of yet? Let us know in a DM and we'll continue. https://t.co/GDrqU22YpT,device_or_software,Ask the customer to contact Apple Support by DM with the relevant details so the case can be investigated privately.,false,AI-assisted initial label from customer text and linked AppleSupport reply; human audit required before submission.
24,145266,@AppleSupport Only on my lock screen. Regularly. Have noticed this for many apps.,@148928 Which iOS version do you have installed? Does this persist after restarting?,device_or_software,Ask the customer to restart the device and share the outcome if the issue continues.,false,AI-assisted initial label from customer text and linked AppleSupport reply; human audit required before submission.
25,107368,@AppleSupport my app suddenly is not working https://t.co/VkbBZsH8bW,@139845 We'd like to help. Have you tried using a Wi-Fi network to download the app? Let us know.,device_or_software,"Ask for the device model, software version, and issue details so Apple Support can troubleshoot.",false,AI-assisted initial label from customer text and linked AppleSupport reply; human audit required before submission.
26,120671,@AppleSupport Well if that don't beat all. Much obliged. A+ customer service. 👍,"@142829 Happy we could help. If there's anything you need in the future, reach out. Take Care.",device_or_software,Direct the customer to the official Apple Support contact channel for case-specific assistance.,false,AI-assisted initial label from customer text and linked AppleSupport reply; human audit required before submission.
27,48000,@126732 @AppleSupport look at this shit. I’m sick of it! Can’t type the letter I️ without all the extra bullshit!,"@126731 We know the importance of being able to type all letters and characters. In DM, please reply with your iOS version. https://t.co/GDrqU22YpT",device_or_software,Ask the customer to contact Apple Support by DM with the relevant details so the case can be investigated privately.,false,AI-assisted initial label from customer text and linked AppleSupport reply; human audit required before submission.
28,168862,When your phone resets to factory settings just from trying to update it... I’m tight... @AppleSupport,@155294 We're happy to look into this with you. Please let us know if you created an up to date backup of your device before updating the iOS. We'll gladly look into your options to restore your data. https://t.co/GDrqU22YpT,device_or_software,"Ask for the device model, software version, and issue details so Apple Support can troubleshoot.",false,AI-assisted initial label from customer text and linked AppleSupport reply; human audit required before submission.
29,90871,@135689 @115858 I stupidly upgraded my Mac to High Sierra this week. Ever since it's been slow and unresponsive! It's rubbish. Never had a problem with it before. Last time I upgrade early.,"@135688 We're here for you, and want assist with the unresponsiveness issues on the Mac. Can you see if the steps in this article help? https://t.co/IrKeo4E8fX",praise_or_other,Invite the customer to share more details with Apple Support so the request can be routed correctly.,true,AI-assisted initial label from customer text and linked AppleSupport reply; human audit required before submission.
30,145239,@AppleSupport helppppp. What is going on with my sound?!??! https://t.co/Rl3YHVIzPh,"@148916 We want to make sure you're able to hear things clearly with your Mac. Have you seen that issue with just YouTube videos, or other audio as well? Let us know in DM to continue. https://t.co/GDrqU22YpT",device_or_software,Ask the customer to contact Apple Support by DM with the relevant details so the case can be investigated privately.,false,AI-assisted initial label from customer text and linked AppleSupport reply; human audit required before submission.
31,184563,@AppleSupport yooo! My phone freezes literally 70% on apps and gets stuck for half an hour to load. This is ridiculous.,"@159446 We want you to enjoy your iPhone; we'll do all we can to help. To get started, let us know your iOS version via DM: https://t.co/GDrqU22YpT",device_or_software,Ask the customer to contact Apple Support by DM with the relevant details so the case can be investigated privately.,false,AI-assisted initial label from customer text and linked AppleSupport reply; human audit required before submission.
32,103223,"@AppleSupport Thanks. Each time we release the depop app using phased rollout, a user sees the what’s new text when they go to the App Store, but the OPEN button shows and they can’t download the new version",@138711 Got it.  You will need to reach out to Developer Support here.  They will be happy to help.  https://t.co/LIrs0dB6kH,device_or_software,Direct the customer to the official Apple Support contact channel for case-specific assistance.,false,AI-assisted initial label from customer text and linked AppleSupport reply; human audit required before submission.
33,42643,@AppleSupport Thank you. Twitter didn’t notify me of your reply :( so restored phone &amp; ok now. Was phone storage not iCloud.,"@125426 We're glad to hear the issue has since been resolved. Let us know if you have any further questions. Additionally, there may have been a new update to iOS 11. If you're not on iOS 11.1.1, we'd recommend backing up and updating to that latest version.",device_or_software,Ask the customer to check the relevant software update and provide device details for further troubleshooting.,false,AI-assisted initial label from customer text and linked AppleSupport reply; human audit required before submission.
34,176990,@AppleSupport All of my pictures just deleted off my phone! My phone blacked and now allthr pictures are gone.,@118241 Let us help you get this sorted out. DM us so we can better assist you: https://t.co/GDrqU22YpT,device_or_software,Ask the customer to contact Apple Support by DM with the relevant details so the case can be investigated privately.,false,AI-assisted initial label from customer text and linked AppleSupport reply; human audit required before submission.
35,177034,In love with my beautiful #iPhoneX 😍 just arrived today. It'd be perfect if it weren't for that grueling speaker crackling and rattling. @115858 @116333 pls tell me you guys are going to fix this.,@157664 We want to help. DM us and we'll work from there. https://t.co/GDrqU22YpT,device_or_software,Ask the customer to contact Apple Support by DM with the relevant details so the case can be investigated privately.,false,AI-assisted initial label from customer text and linked AppleSupport reply; human audit required before submission.
36,151562,@AppleSupport My iPhone X was delivered this morning. Four hours later my initial giddiness has been replaced with utter frustration as it won't get past the iOS 11.1.2 update install and verification. WTF is wrong here Apple? The worst iPhone install experience possible!,"@150619 Certainly not the experience we want you to have with your new iPhone X! Reach out to us via DM and let us know exactly what is currently displayed on the screen, then we can help out from there. https://t.co/GDrqU22YpT",delivery_or_order,Ask the customer to contact Apple Support by DM with the relevant details so the case can be investigated privately.,false,AI-assisted initial label from customer text and linked AppleSupport reply; human audit required before submission.
37,90680,"#Apple #macOS users/geniuses HALP! 🍎 My computer won't work! I get the first screen of writing, then it tries to load, then the tiny writing in the top left hand corner, it repeats all this about 10 times, then the 🚫 symbol, then it shuts down 🤔😕 @AppleSupport https://t.co/zCZQV9FQyp",@135634 We'd like to help you with your Mac. Take a look at the steps and information here: https://t.co/rO42NAGDmI Let us know if you still need help.,device_or_software,Ask the customer to contact Apple Support by DM with the relevant details so the case can be investigated privately.,false,AI-assisted initial label from customer text and linked AppleSupport reply; human audit required before submission.
38,31476,@115858 HELP how can I fix this problem immediately ? #Apple #iOS11 @AppleSupport,@122943 We've gotten your DM and will continue working with you there.,device_or_software,Ask the customer to contact Apple Support by DM with the relevant details so the case can be investigated privately.,false,AI-assisted initial label from customer text and linked AppleSupport reply; human audit required before submission.
39,87005,@115948 the app crashes when you are navigating on the ‘you’ tab. Happened several times today @AppleSupport,@135036 Thanks for reaching out. We'd be happy to help. What device are you using Apple Music with?,subscription,Direct the customer to the relevant subscription settings or Apple Support channel for account-specific help.,false,AI-assisted initial label from customer text and linked AppleSupport reply; human audit required before submission.
40,62273,My phone won’t stop turning off and freezing @AppleSupport !!!!,@130264 Let's look into this for you. Send us a DM with your current iOS version to get started. https://t.co/GDrqU22YpT,device_or_software,Ask the customer to contact Apple Support by DM with the relevant details so the case can be investigated privately.,false,AI-assisted initial label from customer text and linked AppleSupport reply; human audit required before submission.
41,146789,@115948 keeps crashing. Is not even opening now. @AppleSupport any suggestions?,@149323 We'd love to help out. What device are you currently using with Apple Music?,subscription,Direct the customer to the relevant subscription settings or Apple Support channel for account-specific help.,false,AI-assisted initial label from customer text and linked AppleSupport reply; human audit required before submission.
42,57510,@116333 Question for you please. Why are the iPhone battery start to die when you still have 6 months left in your contract to go,@129049 We want to help. DM us more about your battery and we'll work from there. https://t.co/GDrqU22YpT,device_or_software,Ask the customer to contact Apple Support by DM with the relevant details so the case can be investigated privately.,false,AI-assisted initial label from customer text and linked AppleSupport reply; human audit required before submission.
43,2632,And why is my music NEVER in my control center?! @AppleSupport,@116338 We're here to help out! Which device is this on and which version of iOS is currently installed?,device_or_software,"Ask for the device model, software version, and issue details so Apple Support can troubleshoot.",false,AI-assisted initial label from customer text and linked AppleSupport reply; human audit required before submission.
44,143567,"New iPhoneX - no voice memo recoding, hangs every 3 days, no display for incoming calls and loads of other issues @115858 your solution... go to iRepair. Been there done it, twice over. No solution. Get ur act together","@148439 We'd like to look into this with you. Send us a DM with more information, and we'll continue from there. https://t.co/GDrqU22YpT",device_or_software,Ask the customer to contact Apple Support by DM with the relevant details so the case can be investigated privately.,false,AI-assisted initial label from customer text and linked AppleSupport reply; human audit required before submission.
45,35320,@AppleSupport after updating to iOS 11.0.3 my home screen turns black when on a call. What’s the fix? Cust care not helping.,@123698 We're here for you. Let's take a closer look at this issue together in DM. https://t.co/GDrqU22YpT,device_or_software,Ask the customer to contact Apple Support by DM with the relevant details so the case can be investigated privately.,false,AI-assisted initial label from customer text and linked AppleSupport reply; human audit required before submission.
46,55946,"@AppleSupport Hi there, yes I have tried but still does this loading sign","@128689 Do you also have this app running on your iPhone? If yes, try quitting it and reinstalling it there as well.",device_or_software,"Ask for the device model, software version, and issue details so Apple Support can troubleshoot.",false,AI-assisted initial label from customer text and linked AppleSupport reply; human audit required before submission.
47,26689,@AppleSupport 6s. 11.0.3.,@121844 Got it. Let’s complete the update to iOS 11.1. Here’s a link that will help: https://t.co/80YRnjDFDk,device_or_software,Ask the customer to check the relevant software update and provide device details for further troubleshooting.,false,AI-assisted initial label from customer text and linked AppleSupport reply; human audit required before submission.
48,199399,@AppleSupport Backup and updated. Problem still persists. Got a video of the issue now.,@163005 What troubleshooting steps have you tried so far? Let us know in DM so we don't ask you to repeat anything. https://t.co/GDrqU22YpT,device_or_software,Ask the customer to contact Apple Support by DM with the relevant details so the case can be investigated privately.,false,AI-assisted initial label from customer text and linked AppleSupport reply; human audit required before submission.
49,719,Tf is wrong with my keyboard @115858,"@115857 Fill us in on what is happening, then we can help out from there.",device_or_software,"Ask for the device model, software version, and issue details so Apple Support can troubleshoot.",false,AI-assisted initial label from customer text and linked AppleSupport reply; human audit required before submission.
50,23107,"@AppleSupport All website. I can record with audio. The recording are playing well in Photos and the sound is ok. But when I import them in iMovie, the sound doesn’t follow. Only if I was in Safari when I made the screen recording",@121032 Is this iMovie for iOS or for the Mac?,device_or_software,"Ask for the device model, software version, and issue details so Apple Support can troubleshoot.",false,AI-assisted initial label from customer text and linked AppleSupport reply; human audit required before submission.
51,84196,"@AppleSupport I have this problem with iPad Pro
https://t.co/erYianyQlK
But it does not do it all the time, so apple service does not recognize it.
What can I do?",@134516 Hi. We'd like to help with this. Check out this article for issues with your display not responding to touch: https://t.co/kQXBriN504 Still need help? DM us and we can take a closer look there. https://t.co/GDrqU22YpT,device_or_software,Ask the customer to contact Apple Support by DM with the relevant details so the case can be investigated privately.,false,AI-assisted initial label from customer text and linked AppleSupport reply; human audit required before submission.
52,84275,@AppleSupport - Few Messages (sent &amp; received messages) doesn’t wrap in Message App on all iOS 11 versions and flows in one line. Pls look into this. @115858,@134544 Thanks for reaching out. We want to help. Reach out to us in a DM and we will work from there. https://t.co/GDrqU22YpT,device_or_software,Ask the customer to contact Apple Support by DM with the relevant details so the case can be investigated privately.,false,AI-assisted initial label from customer text and linked AppleSupport reply; human audit required before submission.
53,159555,"@AppleSupport hello! i bought 8 new songs a few days ago and they were downloaded to my phone, but when i went to check today those songs weren’t there. i tried to download them again to my phone, and i tried restarting my phone &amp; they still won’t show up 🤷🏻‍♀️ https://t.co/JFt3rM8O6F","@152731 We’d like to look into this with you. To start, please send us a DM confirming which software version you’re using. You can tap Settings &gt; General &gt; About to locate the software version. https://t.co/GDrqU22YpT",device_or_software,Ask the customer to contact Apple Support by DM with the relevant details so the case can be investigated privately.,false,AI-assisted initial label from customer text and linked AppleSupport reply; human audit required before submission.
54,52959,"@AppleSupport With the new update, turning on wi-fi disables data and we have to manually go through settings and turn it back on !  :( Help",@127928 We'd like to learn more about this situation. Send us a DM with all the details you can provide. https://t.co/GDrqU22YpT,device_or_software,Ask the customer to contact Apple Support by DM with the relevant details so the case can be investigated privately.,false,AI-assisted initial label from customer text and linked AppleSupport reply; human audit required before submission.
55,193672,@118101 @AppleSupport can you help me?,@161539 We'd like to look into this with you to see how we can help. Connect with us in DM to get started: https://t.co/GDrqU22YpT,device_or_software,Ask the customer to contact Apple Support by DM with the relevant details so the case can be investigated privately.,false,AI-assisted initial label from customer text and linked AppleSupport reply; human audit required before submission.
56,109091,"In NYC.Have free data roaming. iPhone keeps losing 3G signal. If I turn airplane mode on and off again, I get 3G for about a minute, then lose it again.

Anyone any ideas for a fix?

@122326 @applesupport",@140213 We want to help. Please let us know which iPhone model and iOS version you are currently using.,device_or_software,"Ask for the device model, software version, and issue details so Apple Support can troubleshoot.",false,AI-assisted initial label from customer text and linked AppleSupport reply; human audit required before submission.
57,58845,@AppleSupport most recent iPhone update switches WiFi &amp; Bluetooth on automatically. V.annoying! Is there a way to stop this? #ItAteMyBattery,@129400 This may be expected behavior. Check out this support page about how to use Control Center in iOS 11: https://t.co/G7BHuQnDS6,device_or_software,"Ask for the device model, software version, and issue details so Apple Support can troubleshoot.",false,AI-assisted initial label from customer text and linked AppleSupport reply; human audit required before submission.
58,110879,I just can’t anymore.  @AppleSupport my Apple Music is crashing.  £15 down the drain becoz I can’t use it. Help!,"@140660 We're huge Apple Music fans ourselves, and want to ensure you're able to use your subscription. What exactly happens when you try to access Apple Music?",subscription,Direct the customer to the relevant subscription settings or Apple Support channel for account-specific help.,false,AI-assisted initial label from customer text and linked AppleSupport reply; human audit required before submission.
59,188161,my phone just turned on and off by itself then deleted my entire camera roll @AppleSupport pls explain urself https://t.co/95YC0wzG0J,"@160152 We'd love to help! A few questions. Do you use iCloud Photo Library? Where do you make regular iPhone backups, iCloud or iTunes?",device_or_software,"Ask for the device model, software version, and issue details so Apple Support can troubleshoot.",false,AI-assisted initial label from customer text and linked AppleSupport reply; human audit required before submission.
60,41610,@AppleSupport battery life on iOS 11.1 sucks. Really really bad.,@125151 Hello. Let's talk via DM and we'll check a few things together. Please tap here to continue? https://t.co/GDrqU22YpT,device_or_software,Ask the customer to contact Apple Support by DM with the relevant details so the case can be investigated privately.,false,AI-assisted initial label from customer text and linked AppleSupport reply; human audit required before submission.
61,103218,Yo @AppleSupport my iPhone just went from 100% to 20% in an hour. https://t.co/MxQ3zvOQXc,"@138709 Battery life is important, and we can help. To start, tell us the iOS version your iPhone is running, and we’ll take it from there.",device_or_software,"Ask for the device model, software version, and issue details so Apple Support can troubleshoot.",false,AI-assisted initial label from customer text and linked AppleSupport reply; human audit required before submission.
62,112822,@AppleSupport Do you not have an email I could contact? I'm not really able to make a call with no phone..,"@141077 We can certainly understand your situation, though for security reasons a call is required. You may need to borrow a phone if possible to call in. You can even schedule a callback at you convenience using the link from before. Still have questions? DM us: https://t.co/GDrqU22YpT",privacy_or_security,Ask the customer to contact Apple Support by DM with the relevant details so the case can be investigated privately.,true,AI-assisted initial label from customer text and linked AppleSupport reply; human audit required before submission.
63,84225,@AppleSupport @134527 Everyone’s fucking model is doing it. Even screenshotted I️t for you boys https://t.co/Osflkm7u2b,"@134526 Thank you for that screenshot. In DM, please let us know the iOS version you're using. You can find that under Settings &gt; General &gt; About. https://t.co/GDrqU22YpT",device_or_software,Ask the customer to contact Apple Support by DM with the relevant details so the case can be investigated privately.,false,AI-assisted initial label from customer text and linked AppleSupport reply; human audit required before submission.
64,102363,"Dear @AppleSupport, the feature that is suppose to keep Live Photos off doesn’t work. A fix would be nice. Thanks!",@138471 Let's look into that. Send us a DM and we'll go from there. https://t.co/GDrqU22YpT,device_or_software,Ask the customer to contact Apple Support by DM with the relevant details so the case can be investigated privately.,false,AI-assisted initial label from customer text and linked AppleSupport reply; human audit required before submission.
65,55967,@AppleSupport Will you please put the texting from the photo app option back? It is super annoying having to get out of photos to txt a pic.,@128697 We'd be happy to look into this with you.  Please reach out to us via DM and we'll get started. https://t.co/GDrqU22YpT,device_or_software,Ask the customer to contact Apple Support by DM with the relevant details so the case can be investigated privately.,false,AI-assisted initial label from customer text and linked AppleSupport reply; human audit required before submission.
66,122316,@115858 why has my low power mode settings disappeared 🧐🤔help!... https://t.co/8Lg6UqkBl3,@143274 Let's look into this further with you. Have you tried restarting the Settings app or your iOS device?,device_or_software,Ask the customer to restart the device and share the outcome if the issue continues.,false,AI-assisted initial label from customer text and linked AppleSupport reply; human audit required before submission.
67,188464,@AppleSupport iOS 11.0.1 but gonna install the New iOS 11.0.2 now,@160228 Sounds good. Let us know if the issue persists after updating.,device_or_software,"Ask for the device model, software version, and issue details so Apple Support can troubleshoot.",false,AI-assisted initial label from customer text and linked AppleSupport reply; human audit required before submission.
68,121521,"@AppleSupport It happens spontaneously at times, but without fail happens every morning for at least 2-3 hours.","@143054 Thanks for letting us know. Is there a protective case or screen protector on your iPhone at this time? Also, this is occurring on iOS 11.1.2, correct?",device_or_software,"Ask for the device model, software version, and issue details so Apple Support can troubleshoot.",false,AI-assisted initial label from customer text and linked AppleSupport reply; human audit required before submission.
69,36670,"Disappointed with @115858 - phone that is only 1 1/2 years old dying for no reason...want to charge for a repair, shocking.",@123993 We want to help. Tell us more about what's happening in DM. https://t.co/GDrqU22YpT,refund_or_charge,Ask the customer to contact Apple Support by DM with the relevant details so the case can be investigated privately.,false,AI-assisted initial label from customer text and linked AppleSupport reply; human audit required before submission.
70,208610,"@AppleSupport real issues with making phone calls since the update. They can’t hear me I can’t hear them. Battery replaced, still going on!",@165346 We're here to help! Which iPhone do you have and which version of iOS 11 is currently installed on it?,device_or_software,"Ask for the device model, software version, and issue details so Apple Support can troubleshoot.",false,AI-assisted initial label from customer text and linked AppleSupport reply; human audit required before submission.
71,145258,screw an apple device instead of the consumer. 90 days of ordeal and still counting!!! @7396 @AppleSupport @115858 https://t.co/YpPyDmimVN,@148924 We'd like to hear more about what's happening and help any way we can. Please DM us a bit more detail about what's going on. https://t.co/GDrqU22YpT,device_or_software,Ask the customer to contact Apple Support by DM with the relevant details so the case can be investigated privately.,false,AI-assisted initial label from customer text and linked AppleSupport reply; human audit required before submission.
72,173004,@156481 @AppleSupport Listen to her^,@156480 Thanks for reaching out to us about your iPhone becoming unresponsive. We'd like to help that. Please DM us the iOS version from Settings &gt; General &gt; About and we'll pickup our conversation there. https://t.co/GDrqU22YpT,device_or_software,Ask the customer to contact Apple Support by DM with the relevant details so the case can be investigated privately.,false,AI-assisted initial label from customer text and linked AppleSupport reply; human audit required before submission.
73,63219,@AppleSupport The 7plus and whichever the last iOS 10. I️ haven’t updated to the iOS 11 yet but I’ve heard that doesn’t resolve my issue,"@130505 OK, got it. Let's move over to DM so we can look into this a bit further. https://t.co/GDrqU22YpT",device_or_software,Ask the customer to contact Apple Support by DM with the relevant details so the case can be investigated privately.,false,AI-assisted initial label from customer text and linked AppleSupport reply; human audit required before submission.
74,146638,@AppleSupport I updated my Apple ID to an iCloud address and PayPal is no longer available as a payment option in the iTunes &amp; App Store settings. Is this connected? I’m in the UK.,@149286 Let's get to the bottom of this together. Are you part of a Family Sharing group? Did you make any other changes to your Apple ID?,refund_or_charge,Ask for the purchase details through a private Apple Support channel so the charge can be reviewed.,false,AI-assisted initial label from customer text and linked AppleSupport reply; human audit required before submission.
75,98835,@AppleSupport Got it! https://t.co/d1lUn9SWeR,@137632 Awesome! Please let us know if you have any other issues or questions.,device_or_software,"Ask for the device model, software version, and issue details so Apple Support can troubleshoot.",false,AI-assisted initial label from customer text and linked AppleSupport reply; human audit required before submission.
76,152818,Predictive text fail.  No = Slime Man??? Is this April 1st? Help me with this @115858 !! https://t.co/FwfNPhhB9V,@150952 We’re glad to help with your predictive text. Let’s start by checking if you have a text replacement. Go ahead and use these steps to check and let us know what you find: https://t.co/U5VKSTl2CD,praise_or_other,Invite the customer to share more details with Apple Support so the request can be routed correctly.,true,AI-assisted initial label from customer text and linked AppleSupport reply; human audit required before submission.
77,48004,Bu ne biçim Afyonkarahisar @AppleSupport @115858 https://t.co/P2CwBS6E4l,@126733 We offer support via Twitter in English. Contact us for help in your preferred language here: https://t.co/IBIY3vMgPj,device_or_software,Direct the customer to the official Apple Support contact channel for case-specific assistance.,false,AI-assisted initial label from customer text and linked AppleSupport reply; human audit required before submission.
78,12013,Excuse me @115858 @AppleSupport:  when y’all gonna address the fact that some glitch is turning Is into hieroglyphics?!,@118363 We want your predictions to be accurate. Please DM us with the current version of iOS you have. https://t.co/GDrqU22YpT,device_or_software,Ask the customer to contact Apple Support by DM with the relevant details so the case can be investigated privately.,false,AI-assisted initial label from customer text and linked AppleSupport reply; human audit required before submission.
79,87003,This as replacement for the standard headphone jack has become a joke now. 5 (soon to be 6) pairs of headphones &amp; 2 adapters in under a year have failed now. Before the switch I could get a good year out of them. @115858 might have to rethink their design or change manufacturer. https://t.co/oQSNOtpqjo,@135035 We'd like to help if you're experiencing problems with your accessories. DM us which country you're located in. We'll go from there. https://t.co/GDrqU22YpT,praise_or_other,Ask the customer to contact Apple Support by DM with the relevant details so the case can be investigated privately.,true,AI-assisted initial label from customer text and linked AppleSupport reply; human audit required before submission.
80,177855,"Dear @115858 ,
      Please fix the update. My phone literally won’t charge now and its saying that the apple chargers “are not supported”. I really don’t want to have to switch to andriod because of this &amp; I don’t have the money to buy a new phone. Or you could send me one?? -pls","@157894 Thanks for reaching out to us this evening! We know how important it is for your chargers to work correctly on your iPhone so we'd be happy to look into what's going on. To start, can you let us know which iPhone and iOS version you're using?",refund_or_charge,Ask for the purchase details through a private Apple Support channel so the charge can be reviewed.,false,AI-assisted initial label from customer text and linked AppleSupport reply; human audit required before submission.
81,35283,"@AppleSupport 7 Plus, iOS 11.1","@123690 DM us your country, and we'll continue working there. https://t.co/GDrqU22YpT",device_or_software,Ask the customer to contact Apple Support by DM with the relevant details so the case can be investigated privately.,false,AI-assisted initial label from customer text and linked AppleSupport reply; human audit required before submission.
82,188522,@AppleSupport I received an Apple Gift card and Wallet will not allow a scan or manual add even the card states it can be added to ApplePay?,@160245 Be sure to try these steps: https://t.co/Saz92f9xOE For more help reach out to our Apple Pay team: https://t.co/IBIY3vMgPj,device_or_software,Direct the customer to the official Apple Support contact channel for case-specific assistance.,false,AI-assisted initial label from customer text and linked AppleSupport reply; human audit required before submission.
83,112805,@AppleSupport Is the Space Grey 64GB iPhone X in stock in Montreal? (Ste-Catherine store),"@141070 While we're unable to check individual inventories, our Online Sales team will best be able to address your questions. Click here to get in touch:  https://t.co/8yjRd1Xo0i",device_or_software,"Ask for the device model, software version, and issue details so Apple Support can troubleshoot.",false,AI-assisted initial label from customer text and linked AppleSupport reply; human audit required before submission.
84,119460,"@AppleSupport Pandora was playing, then suddenly the apple logo appeared and Pandora stopped and a few seconds later I had to type in my passcode to unlock the phone. I found all my open apps backgrounded but I had to forground Pandora and it started playing again.","@142505 Are all of your apps up-to-date if you connect to Wi-Fi and check in its App Store &gt; Updates section?

How many times has this occurred?",device_or_software,Ask the customer to check the relevant software update and provide device details for further troubleshooting.,false,AI-assisted initial label from customer text and linked AppleSupport reply; human audit required before submission.
85,97584,"Erm… What even happened here, @AppleSupport ? https://t.co/SiXJQ8f73Y","@137352 We'd like to learn more about what's going on. Meet us in DM with some details, such as what happened right before you saw this screen, what version of IOS you're using, and what country you're in, and we'll go from there. https://t.co/GDrqU22YpT",device_or_software,Ask the customer to contact Apple Support by DM with the relevant details so the case can be investigated privately.,false,AI-assisted initial label from customer text and linked AppleSupport reply; human audit required before submission.
86,31441,@AppleSupport can you tell me why my Apple tv4 with screen saver set to never update will suddenly have new a “video” in the aerial views?,"@122934 Thank you for reaching out to us. For help with this, please contact our Apple TV experts here: https://t.co/IBIY3vMgPj",device_or_software,Direct the customer to the official Apple Support contact channel for case-specific assistance.,false,AI-assisted initial label from customer text and linked AppleSupport reply; human audit required before submission.
87,100540,My iPhone been moving slow af the past couple weeks. I need answers @AppleSupport,"@137986 We’d love to help with the performance of your iPhone. To start, please send us a DM confirming which iPhone and exact software version you’re using. You can tap Settings &gt; General &gt; About to locate the software version. https://t.co/GDrqU22YpT",device_or_software,Ask the customer to contact Apple Support by DM with the relevant details so the case can be investigated privately.,false,AI-assisted initial label from customer text and linked AppleSupport reply; human audit required before submission.
88,208157,@AppleSupport @115858 @116333 ios update sucks its too slow on iphone 6s plus,@165241 We want to help with your iPhone. When did the issue start? Is the iPhone slow when you use specific apps?,device_or_software,"Ask for the device model, software version, and issue details so Apple Support can troubleshoot.",false,AI-assisted initial label from customer text and linked AppleSupport reply; human audit required before submission.
89,161237,I’m tired of this bitch turning off and freezing all the fucking time. Wtf  @115858,@153195 We're happy to help with the issues you're experiencing. Please let us know in DM which device you're using and a bit more about what happens. https://t.co/GDrqU22YpT,device_or_software,Ask the customer to contact Apple Support by DM with the relevant details so the case can be investigated privately.,false,AI-assisted initial label from customer text and linked AppleSupport reply; human audit required before submission.
90,65661,"@AppleSupport my iPhone is basically useless, when is a new update due?",@131030 We're here to help. Please click here to connect with us in DM and provide us with the details of the issues you're having: https://t.co/GDrqU22YpT,device_or_software,Ask the customer to contact Apple Support by DM with the relevant details so the case can be investigated privately.,false,AI-assisted initial label from customer text and linked AppleSupport reply; human audit required before submission.
91,65010,Hey @AppleSupport ever since i updated to high sierra 2 days ago my screen does this when i shut down pls tell me this is a common occurrence and yall are working to fix it bc this ish makes me nervous as hell https://t.co/uDIej6mGQn,"@130908 We can understand your concern with it doing this while shutting down. Let’s go though some troubleshooting so we can get to the bottom of this. Before we begin, you’ll want to back up your Mac. This explains how: https://t.co/Mw8OK9APy7",device_or_software,"Ask for the device model, software version, and issue details so Apple Support can troubleshoot.",false,AI-assisted initial label from customer text and linked AppleSupport reply; human audit required before submission.
92,11639,"@AppleSupport I get this message when I close the app. When I touch it I get into the app, but getting this when closing the app is annoying.",@118244 Is this coming up with any other apps when doing the same thing? Which iOS version is in Settings &gt; General &gt; About?,device_or_software,"Ask for the device model, software version, and issue details so Apple Support can troubleshoot.",false,AI-assisted initial label from customer text and linked AppleSupport reply; human audit required before submission.
93,206676,@AppleSupport No I am unable to update right now. But I triple checked the log in info w/ the boss &amp; it keeps denying it.,@164951 Is the login info you're referring to for an Apple ID or the passcode for the iPhone?,account_access,Guide the customer through the official account-recovery or Apple Support flow for account access help.,false,AI-assisted initial label from customer text and linked AppleSupport reply; human audit required before submission.
94,193684,"hey @AppleSupport could you explain why 3,000 of my photos on my phone were just randomly deleted thanks",@161542 We're here to help! We have received your DM and will be responding there momentarily.,device_or_software,Ask the customer to contact Apple Support by DM with the relevant details so the case can be investigated privately.,false,AI-assisted initial label from customer text and linked AppleSupport reply; human audit required before submission.
95,149983,@116333 hi I’m Ozri I’ll like to no y when you Call Apple for help they keep hanging the phone up the customer service is rude and disrespectful and as a customer after 10 years I have felt so disappointed in Apple that I am considering buying and moving over to Samsung,@136624 We'd like to know more about the experience. Let's meet in DM and we will gather what information we need to assist. https://t.co/GDrqU22YpT,device_or_software,Ask the customer to contact Apple Support by DM with the relevant details so the case can be investigated privately.,false,AI-assisted initial label from customer text and linked AppleSupport reply; human audit required before submission.
96,120622,"@AppleSupport Sorry, didn’t read it all the way through. I try that, but during an active phone call, they will not close by swiping or from pressing the close button. Nothing happens, sometimes my phone will freeze up temporarily. (No longer than 5 seconds)",@142816 Are the applications on the iPhone X and the iOS all fully updated to the most recent versions? What apps are open when you have an active call?,device_or_software,Ask the customer to check the relevant software update and provide device details for further troubleshooting.,false,AI-assisted initial label from customer text and linked AppleSupport reply; human audit required before submission.
97,208297,@AppleSupport Yes. I’ve also toggled iMessage off and back on.,@165263 Send us a DM and let us know what version of iOS you are running and we'll do everything we can to help you out. https://t.co/GDrqU22YpT,device_or_software,Ask the customer to contact Apple Support by DM with the relevant details so the case can be investigated privately.,false,AI-assisted initial label from customer text and linked AppleSupport reply; human audit required before submission.
98,92724,@AppleSupport Is there a way to have Siri insert punctuation automatically when dictating a text message?,@136077 Hi. Let's look into that. What device are you using?,device_or_software,"Ask for the device model, software version, and issue details so Apple Support can troubleshoot.",false,AI-assisted initial label from customer text and linked AppleSupport reply; human audit required before submission.
99,116018,when @115858 does that thing where they erase all of my threads AND contacts without my consent. Real cute. Y'all best have my shit stored on y'all magical ass database or sumn for when I need to extract receipts for science. Got me fucked up.,@141840 Accessing your data is extremely important and we'd like to review this for you. Please DM us with more information and we'll get started. https://t.co/GDrqU22YpT,refund_or_charge,Ask the customer to contact Apple Support by DM with the relevant details so the case can be investigated privately.,false,AI-assisted initial label from customer text and linked AppleSupport reply; human audit required before submission.
100,105421,"@AppleSupport Hi, tried to install High Sierra on my 2011 MacBook Air, now I'm stuck here. Please help. https://t.co/wFKbBoG5Ev",@139287 We'd be happy to assist with your Mac today. Send us a DM to get started. https://t.co/GDrqU22YpT,device_or_software,Ask the customer to contact Apple Support by DM with the relevant details so the case can be investigated privately.,false,AI-assisted initial label from customer text and linked AppleSupport reply; human audit required before submission.
101,62220,@AppleSupport Yes,"@130249 OK, thanks. So that we can explore the best options for your region, DM us the country you’re messaging us from. https://t.co/GDrqU22YpT",device_or_software,Ask the customer to contact Apple Support by DM with the relevant details so the case can be investigated privately.,false,AI-assisted initial label from customer text and linked AppleSupport reply; human audit required before submission.
102,103166,@115858 iPhone X orange camera problem? https://t.co/HooDTPyYNl,@138695 Let's help take a look. How long has this been happening? Have you tried any troubleshooting such as force quitting camera or rebooting the iPhone X? What's the version of iOS in Settings &gt; General &gt; About?,device_or_software,"Ask for the device model, software version, and issue details so Apple Support can troubleshoot.",false,AI-assisted initial label from customer text and linked AppleSupport reply; human audit required before submission.
103,157799,@AppleSupport - I did not authorize the update yet there it is and 11.1.2 sucks!!!,"@152256 If you are having specific issues with your iOS device, we'd like to help. Please let us know in DM what's going on. https://t.co/GDrqU22YpT",device_or_software,Ask the customer to contact Apple Support by DM with the relevant details so the case can be investigated privately.,false,AI-assisted initial label from customer text and linked AppleSupport reply; human audit required before submission.
104,4875,Come on @AppleSupport #ios11.1  Same bug as before. Numbers disappear when entering info. Video below. #iosproblems https://t.co/eKirAn2Mam,@116854 Let's investigate this together. Does this only occur when using specific apps or website?,device_or_software,"Ask for the device model, software version, and issue details so Apple Support can troubleshoot.",false,AI-assisted initial label from customer text and linked AppleSupport reply; human audit required before submission.
105,36668,"Seriously, @115858? We spend thousands on a computer and the POS mouse stops working 18 months later? #Apple #WTF https://t.co/3P6iGQQefB",@123992 We have a resource that can help. Take a look at the steps listed here: https://t.co/xcfbsTFVVR,device_or_software,"Ask for the device model, software version, and issue details so Apple Support can troubleshoot.",false,AI-assisted initial label from customer text and linked AppleSupport reply; human audit required before submission.
106,62212,@AppleSupport 30% less than before the update. I was totally happy with the battery before this.,@130248 Apologies for the confusion. We meant how long in hours would it last on a full charge.,refund_or_charge,Ask for the purchase details through a private Apple Support channel so the charge can be reviewed.,false,AI-assisted initial label from customer text and linked AppleSupport reply; human audit required before submission.
107,152909,"@AppleSupport I am unable to download apps from App Store. I get to the page that says ‘Double Click here,’ but am not able to double click.  Thank you. iPhone X with latest iOS.",@150976 Let's work on this so you can download your apps! Does this happen on Wi-Fi or cellular data? Is there another network you can try?,device_or_software,"Ask for the device model, software version, and issue details so Apple Support can troubleshoot.",false,AI-assisted initial label from customer text and linked AppleSupport reply; human audit required before submission.
108,151429,@AppleSupport Battery life on my iPad has been drastically reduced with latest iOS 11.1.2 update,@150579 Having great battery life is very important. Join us in DM and together we'll look into this issue. Click here: https://t.co/GDrqU22YpT,device_or_software,Ask the customer to contact Apple Support by DM with the relevant details so the case can be investigated privately.,false,AI-assisted initial label from customer text and linked AppleSupport reply; human audit required before submission.
109,61366,@AppleSupport Apple pls update or make something sow when you scroll down on instagram or Twitter it doesn’t lag,"@143057 Let's look into this behavior together. To get started, which device are you using?",device_or_software,"Ask for the device model, software version, and issue details so Apple Support can troubleshoot.",false,AI-assisted initial label from customer text and linked AppleSupport reply; human audit required before submission.
110,61074,@AppleSupport no shipping confirmation on my X. Hoping it’s not an issue I should be conflcerned with,@129980 Were you able to take a look at your order through the link we previously sent?,delivery_or_order,Ask for the order details through a private Apple Support channel so the order status can be checked.,false,AI-assisted initial label from customer text and linked AppleSupport reply; human audit required before submission.
111,96984,"@AppleSupport It just came out the new iPhone X and the 7 already starts to freeze, the battery quickly go low , etc, always the same @AppleSupport",@137167 We can help with your iPhone 7. DM us with more details on what is happening. https://t.co/GDrqU22YpT,device_or_software,Ask the customer to contact Apple Support by DM with the relevant details so the case can be investigated privately.,false,AI-assisted initial label from customer text and linked AppleSupport reply; human audit required before submission.
112,40439,@AppleSupport i️ did,@124862 Thank you! Please look for our response to your DM shortly. https://t.co/GDrqU22YpT,device_or_software,Ask the customer to contact Apple Support by DM with the relevant details so the case can be investigated privately.,false,AI-assisted initial label from customer text and linked AppleSupport reply; human audit required before submission.
113,98824,My phone wouldn't turn on for an hour @115858 we're going to have some problems,"@137628 We never like to hear that your iPhone isn’t powering on. We’d be happy to help troubleshoot this issue. Just to clarify, are you still having power issues with the iPhone or is it working correctly now?",device_or_software,"Ask for the device model, software version, and issue details so Apple Support can troubleshoot.",false,AI-assisted initial label from customer text and linked AppleSupport reply; human audit required before submission.
114,172928,Güncellemeyin artık şu iOS u @AppleSupport Touch ID açılmıyor ve ayrıca bildirimi açmayı neden bu kadar zorlaştırdınız.,@156457 We offer support via Twitter in English. Contact us for help in your preferred language here: https://t.co/IBIY3vMgPj,device_or_software,Direct the customer to the official Apple Support contact channel for case-specific assistance.,false,AI-assisted initial label from customer text and linked AppleSupport reply; human audit required before submission.
115,10681,@115858 why is it impossible to Type “I” without a stupid box with a question mark. #notimpressed #fixit,@117963 We are here for you. Let's take a look at this further for you. Reach out to us in DM. https://t.co/GDrqU22YpT,praise_or_other,Ask the customer to contact Apple Support by DM with the relevant details so the case can be investigated privately.,false,AI-assisted initial label from customer text and linked AppleSupport reply; human audit required before submission.
116,92663,"@AppleSupport thanks.
I read the document &amp; as it is a 3-series watch I’ve checked the settings as instructed - they were set correctly
Do I need to go through the recalibration process as per a 1-series watch?
Why doesn’t Health app just point to same XML field as Activity app?",@136062 Thank you for those details. Have you restarted both your iPhone and your Apple Watch since noticing this? DM us and let us know. https://t.co/GDrqU22YpT,device_or_software,Ask the customer to contact Apple Support by DM with the relevant details so the case can be investigated privately.,false,AI-assisted initial label from customer text and linked AppleSupport reply; human audit required before submission.
117,59591,My home button won’t go home but I can still double click to close out apps. HELP @AppleSupport,@129592 What exactly happens when you single tap the Home button? Let us know in DM; we'd be happy to help! https://t.co/GDrqU22YpT,device_or_software,Ask the customer to contact Apple Support by DM with the relevant details so the case can be investigated privately.,false,AI-assisted initial label from customer text and linked AppleSupport reply; human audit required before submission.
118,171783,UH @AppleSupport since your update y'a really lot of beug. My iPhone turns off at 15% of battery? What's that? 15% Rest assured me it's not the same as 0 or 1%? https://t.co/2BZLwBxX8P,@155689 We are here for you. Let's take a look at this further for you. Reach out to us in DM. https://t.co/GDrqU22YpT,device_or_software,Ask the customer to contact Apple Support by DM with the relevant details so the case can be investigated privately.,false,AI-assisted initial label from customer text and linked AppleSupport reply; human audit required before submission.
119,184493,What the fuck is going on @AppleSupport https://t.co/yV8I1sTum3,"@159423  We're happy to help. The issue was fixed in iOS 11.1.1. To update to the latest version of iOS, go to Settings &gt; General &gt; Software Update and tap Download &amp; Install. We recommend having a current backup prior to updating. If you have any questions, let us know.",device_or_software,Ask the customer to check the relevant software update and provide device details for further troubleshooting.,false,AI-assisted initial label from customer text and linked AppleSupport reply; human audit required before submission.
120,121507,This is really annoying please fix it @AppleSupport @115858 #iMovie #applesupport https://t.co/9Y98BdQvpo,@143050 We know how important it is to be able to export your projects and we'd like to help point you in the right direction for support. Please contact our team of specialists for iMovie through the following link: https://t.co/IBIY3vMgPj,device_or_software,Direct the customer to the official Apple Support contact channel for case-specific assistance.,false,AI-assisted initial label from customer text and linked AppleSupport reply; human audit required before submission.
121,152967,@AppleSupport I got this email is this an scam!? https://t.co/0RPoD3xl6o,"@150997 We’d like to help. We can confirm that is not an official email from Apple. We have a helpful guide on determining the legitimacy of emails you may receive from Apple, and how to report the suspicious ones, which you can see here: https://t.co/LNMCdqt6fD",privacy_or_security,Advise the customer to use official Apple Support channels and avoid sharing sensitive information publicly.,true,AI-assisted initial label from customer text and linked AppleSupport reply; human audit required before submission.
122,188346,@AppleSupport iOS 11,@160194 We recently released iOS 11.0.2. Would you make sure you have the most current version? Check here: https://t.co/80YRnjDFDk,device_or_software,"Ask for the device model, software version, and issue details so Apple Support can troubleshoot.",false,AI-assisted initial label from customer text and linked AppleSupport reply; human audit required before submission.
123,94876,@115858 iOS 11.1.2 is so glitchy! Phone keeps freezing on random apps. Touch is less responsive. I’ve restarted it 3x since yesterday. #iphone #glitchy,@136621 Let's get this figured out. Does this seem to happen with specific apps? How do you get the iPhone to respond when this happens? Please DM us. https://t.co/GDrqU22YpT,device_or_software,Ask the customer to contact Apple Support by DM with the relevant details so the case can be investigated privately.,false,AI-assisted initial label from customer text and linked AppleSupport reply; human audit required before submission.
124,105414,@AppleSupport my 7 plus is failing when I send pics to droids or iMessage. iMessage is on. It was fine yesterday. I’ve restarted the phone.,@139284 We know how important it is to be able to send messages from your iPhone 7 Plus and we're happy to help. Here are some steps we'd recommend trying: https://t.co/reLBAO6fGY Let us know if this helps or if you get any type of error message.,device_or_software,"Ask for the device model, software version, and issue details so Apple Support can troubleshoot.",false,AI-assisted initial label from customer text and linked AppleSupport reply; human audit required before submission.
125,87146,".@AppleSupport hi - I’ve been awake since 6.15am and in two hours my iPhone is down to 16% - I’ve only been looking at Twitter on and off, listening to music. What’s happened to battery life on your phones? It was never like this before the latest update","@125208 We know how important it is to be able to depend on your battery. Reach out to us in DM and let us know when you first noticed that the battery life was not lasting as long as expected, which iPhone you are using, and if it seems worse when using certain apps. https://t.co/GDrqU22YpT",device_or_software,Ask the customer to contact Apple Support by DM with the relevant details so the case can be investigated privately.,false,AI-assisted initial label from customer text and linked AppleSupport reply; human audit required before submission.
126,159562,@AppleSupport @115858 @3451 Again not working https://t.co/uHJWy0SxUV,@152733 Thank you for reaching out to us today. We want to help you with your new iPhone. Please send us a DM. https://t.co/GDrqU22YpT,device_or_software,Ask the customer to contact Apple Support by DM with the relevant details so the case can be investigated privately.,false,AI-assisted initial label from customer text and linked AppleSupport reply; human audit required before submission.
127,177842,"@AppleSupport I've never backed up to iTunes, but yes I have a Mac that has iTunes and I've considered doing that before I reset the settings. But I bought this phone about 3 or 4 months ago, its a 7 plus, and it's never been backed up.","@157891 Got it. In that case, to be on the safe side, let's create a backup in iTunes. After you've completed that, meet up with us in DM and we'll go over some steps we can take before resetting all settings. Also, is there a message that appears when attempting the backup? https://t.co/GDrqU22YpT",device_or_software,Ask the customer to contact Apple Support by DM with the relevant details so the case can be investigated privately.,false,AI-assisted initial label from customer text and linked AppleSupport reply; human audit required before submission.
128,2680,@AppleSupport It’s sorted. Thanks. iOS update needed a change and hard reboot,@116351 We're glad to hear that's sorted out for you. Have a great day.,device_or_software,"Ask for the device model, software version, and issue details so Apple Support can troubleshoot.",false,AI-assisted initial label from customer text and linked AppleSupport reply; human audit required before submission.
129,40532,"@AppleSupport Nothing recently, i suspected uBlock but tried after disabling that.",@124894 Are there any other extensions that you tried disabling?,device_or_software,"Ask for the device model, software version, and issue details so Apple Support can troubleshoot.",false,AI-assisted initial label from customer text and linked AppleSupport reply; human audit required before submission.
130,109048,@AppleSupport Thank you very much!,@140204 You're welcome and please feel free to reach back out if we can be of any further assistance!,device_or_software,"Ask for the device model, software version, and issue details so Apple Support can troubleshoot.",false,AI-assisted initial label from customer text and linked AppleSupport reply; human audit required before submission.
131,177030,@10010 @115858 @AppleSupport Definitely not highly recommended at this point. Paying for a defective $1150 phone and having to jump through hoops for a replacement isn’t the best experience to give a customer. Especially when other options are available,@157663 We'd like to hear more about your support experience. Please DM us. https://t.co/GDrqU22YpT,refund_or_charge,Ask the customer to contact Apple Support by DM with the relevant details so the case can be investigated privately.,false,AI-assisted initial label from customer text and linked AppleSupport reply; human audit required before submission.
132,149990,"It’s ridiculous how much my iPhone lags after the update. Seriously, does this get better at any point? 😩😩 @AppleSupport","@150193 Hi. We definitely know that the performance of your device is important and would like to help. Send us a DM, and we'll take a look into this. Thanks https://t.co/GDrqU22YpT",device_or_software,Ask the customer to contact Apple Support by DM with the relevant details so the case can be investigated privately.,false,AI-assisted initial label from customer text and linked AppleSupport reply; human audit required before submission.
133,118092,"@142187 @115858 SpringBoard in iOS 11 has some issue where nothing is visible on lock screen. Even screen to enter PIN is invisible, although functional. Happens constantly.",@142186 We'd like to help. Let's take this to DM and we'll explore ways to provide you assistance. https://t.co/GDrqU22YpT,device_or_software,Ask the customer to contact Apple Support by DM with the relevant details so the case can be investigated privately.,false,AI-assisted initial label from customer text and linked AppleSupport reply; human audit required before submission.
134,1783,@115858 if my words even mean a thing to you; I am an iPhone 7 owner and have updated to your latest software and now am having the most dropped calls in history and glitch’s such as apps randomly opening and more ... #iHelp,@116105  We want to help.  Send us a DM letting us know if you are updated to iOS 11.1 https://t.co/GDrqU22YpT,device_or_software,Ask the customer to contact Apple Support by DM with the relevant details so the case can be investigated privately.,false,AI-assisted initial label from customer text and linked AppleSupport reply; human audit required before submission.
135,151456,@AppleSupport why since the latest update can’t I just open my camera and take a picture without having to mess around with my settings turning Live Photo’s off again and turning the flash off again 😡😡😡😡😡,"@150586 We’d be happy to help with your camera settings. To start, send us a DM confirming which software version you’re using. https://t.co/GDrqU22YpT",device_or_software,Ask the customer to contact Apple Support by DM with the relevant details so the case can be investigated privately.,false,AI-assisted initial label from customer text and linked AppleSupport reply; human audit required before submission.
136,125025,"@AppleSupport  You get the worst customer service of the year award.  No calls, no emails, just empty #lies.  But that’s what is #expected from #Apple. https://t.co/vhymmLEpvq",@144024 We're glad you reached out and we definitely want to look into this. Send us a DM to get started: https://t.co/GDrqU22YpT,device_or_software,Ask the customer to contact Apple Support by DM with the relevant details so the case can be investigated privately.,false,AI-assisted initial label from customer text and linked AppleSupport reply; human audit required before submission.
137,37673,@AppleSupport i have a @115858 5s and my @115948 app crashes when connected to wifi. Please sort this out with the next ios update.,@124180 We'd like to help. Is this happening on cellular as well? Does it happen on all Wi-Fi networks?,device_or_software,"Ask for the device model, software version, and issue details so Apple Support can troubleshoot.",false,AI-assisted initial label from customer text and linked AppleSupport reply; human audit required before submission.
138,208604,"@AppleSupport I’ve had the 7 for about a month &amp; a half. It’s been freezing, extremely slow, &amp; the apps force close.",@165345 Let's work together in a DM to check your options and get your iPhone responding nimbly. Please tap here to continue: https://t.co/GDrqU22YpT,device_or_software,Ask the customer to contact Apple Support by DM with the relevant details so the case can be investigated privately.,false,AI-assisted initial label from customer text and linked AppleSupport reply; human audit required before submission.
139,41653,"Hey @AppleSupport either your grammar is going down hill, or someone’s gone #phishing https://t.co/8BHfuw5Tdq",@125165 Here's a great article to help you identify and report any suspicious communications: https://t.co/LNMCdqt6fD,privacy_or_security,Advise the customer to use official Apple Support channels and avoid sharing sensitive information publicly.,true,AI-assisted initial label from customer text and linked AppleSupport reply; human audit required before submission.
140,92777,"@AppleSupport A complete muck up from High Sierra. Desktop now will not boot up, will not start in Safe Mode, or any mode. Cannot access Disk Utility. Looks like your Apple software ate itself and loads of pre-2014 computers. Whaaaat?",@136096 Let's help get your Mac up and running again. Tell us in more detail what happens when you start the Mac. What do you see on the screen?,device_or_software,"Ask for the device model, software version, and issue details so Apple Support can troubleshoot.",false,AI-assisted initial label from customer text and linked AppleSupport reply; human audit required before submission.
141,208999,@AppleSupport Why does the screen keep changing brightness levels on its own though I turned off auto- brightness feature?,@165462 We're happy to help. Take a look here: https://t.co/bkqEVCrK2l DM us if your issue continues: https://t.co/GDrqU22YpT,device_or_software,Ask the customer to contact Apple Support by DM with the relevant details so the case can be investigated privately.,false,AI-assisted initial label from customer text and linked AppleSupport reply; human audit required before submission.
142,94812,Funny how my phone is ghosting an messaging people on a night yet during the day it’s fine @AppleSupport help,@136598 That's certainly not what we'd expect you to see. We'll be happy to see what's going on. DM full details on what you've been experiencing and we'll continue from there. https://t.co/GDrqU22YpT,device_or_software,Ask the customer to contact Apple Support by DM with the relevant details so the case can be investigated privately.,false,AI-assisted initial label from customer text and linked AppleSupport reply; human audit required before submission.
143,188326,"@AppleSupport iPhone 5S refuses to upgrade from 11.0.1 to 11.0.2. Hit “download and install,” it asks for pin, circles, then      stops. https://t.co/nHIssucZxj",@160190 We want to help you get your iOS updated! Do you have a computer running iTunes we can try?,device_or_software,Ask the customer to check the relevant software update and provide device details for further troubleshooting.,false,AI-assisted initial label from customer text and linked AppleSupport reply; human audit required before submission.
144,174965,@AppleSupport Just with Spotify,"@157052 It sounds like an issue with that app. Let's start by deleting it and re-adding it from the App Store. If that does not resolve the issue, then DM us. https://t.co/GDrqU22YpT",device_or_software,Ask the customer to contact Apple Support by DM with the relevant details so the case can be investigated privately.,false,AI-assisted initial label from customer text and linked AppleSupport reply; human audit required before submission.
145,53614,"@AppleSupport Sorry, the problem is in 11.1, not 11.0.","@128120 Thanks for clarifying! Meet us in DM with the country you're in, and we'll go over your support options there. https://t.co/GDrqU22YpT",device_or_software,Ask the customer to contact Apple Support by DM with the relevant details so the case can be investigated privately.,false,AI-assisted initial label from customer text and linked AppleSupport reply; human audit required before submission.
146,208872,@115858 Sooo many glitches on the new iPhone update. I’m ready for the next update already,@165429 We'd like to help. What issues are you experiencing with your iPhone?,device_or_software,"Ask for the device model, software version, and issue details so Apple Support can troubleshoot.",false,AI-assisted initial label from customer text and linked AppleSupport reply; human audit required before submission.
147,86972,@AppleSupport Pour les anciens wifi enregistrés il me signale que les mots de passe ne sont pas corrects.,@135025 We offer support via Twitter in English. Contact us for help in your preferred language here: https://t.co/IBIY3vMgPj,device_or_software,Direct the customer to the official Apple Support contact channel for case-specific assistance.,false,AI-assisted initial label from customer text and linked AppleSupport reply; human audit required before submission.
148,164214,"I have an iPhone 6+ and after installing the IOS upgrade, my phone's touchscreen is unresponsive. I'm repeatedly hard shutting it down and restarting. Plus I did a complete hard wipe and reinstall and issue remais. I have plenty of storage too. Help @AppleSupport please.","@154034 Thanks for reaching out to us for support. That is certainly not the experience that we wanted you to have with your device, and we are going to do everything we can to help you. When you have a free moment, please DM us so that we can look into this together. https://t.co/GDrqU22YpT",device_or_software,Ask the customer to contact Apple Support by DM with the relevant details so the case can be investigated privately.,false,AI-assisted initial label from customer text and linked AppleSupport reply; human audit required before submission.
149,177809,@AppleSupport There might be a bug or flaw in iPhone X and Bluetooth. Keeps disconnecting from my car if not streaming sound from iPhone (ie if the phone is connected but listening to radio...disconnects from car after a minute or so). It’s highly distracting while driving,@157882 We want to help! How long have you been having these issues? Do you have the most recent version of iOS 11.1.2 downloaded? https://t.co/GDrqU22YpT,device_or_software,"Ask for the device model, software version, and issue details so Apple Support can troubleshoot.",false,AI-assisted initial label from customer text and linked AppleSupport reply; human audit required before submission.
150,119526,"@AppleSupport ""we're here to provide tips, tricks and helpful information"" ok so can you help me then?",@142520 We know how important your music is and we'll be happy to help out with this missing music. Let's chat over in Direct Message. Let us know what all has gone missing.,device_or_software,Ask the customer to contact Apple Support by DM with the relevant details so the case can be investigated privately.,false,AI-assisted initial label from customer text and linked AppleSupport reply; human audit required before submission.
151,23094,Dear @115948 @AppleSupport what happened to ‘Play Next’?,"@121030 Thanks for reaching out. We'd like to know more to help. Are you referring to the Podcast app, Music or a different app? Let us know and we'll take it from there.",device_or_software,"Ask for the device model, software version, and issue details so Apple Support can troubleshoot.",false,AI-assisted initial label from customer text and linked AppleSupport reply; human audit required before submission.
152,195929,"@AppleSupport I don’t want to go to settings to turn off WiFi, I want to reliably be able to turn it off by clicking the button as before. Fix it.","@162089 To help our engineers gather information, please feel free to leave us feedback here: https://t.co/eTPVYVFyd8",device_or_software,"Ask for the device model, software version, and issue details so Apple Support can troubleshoot.",false,AI-assisted initial label from customer text and linked AppleSupport reply; human audit required before submission.
153,208290,"@AppleSupport Oh, we didn’t get notified of that update but I went in and found it. I’ll see if that helps. Thanks!",@165262 You're most welcome. Please keep us posted.,device_or_software,"Ask for the device model, software version, and issue details so Apple Support can troubleshoot.",false,AI-assisted initial label from customer text and linked AppleSupport reply; human audit required before submission.
154,14837,@AppleSupport Help! My computer has been like this since yesterday &amp; I need it. I don’t know what to do. https://t.co/zq8C4Vt7Fn,"@119210 Use the link below to send us a Direct Message. We’ll meet you there, and we can work towards a resolution together. https://t.co/GDrqU22YpT",device_or_software,Ask the customer to contact Apple Support by DM with the relevant details so the case can be investigated privately.,false,AI-assisted initial label from customer text and linked AppleSupport reply; human audit required before submission.
155,34664,@AppleSupport Hi Apple Support. Have updated to the latest iOS but no luck with battery :(,@123517 DM the country or region where you are currently located to continue. https://t.co/GDrqU22YpT,device_or_software,Ask the customer to contact Apple Support by DM with the relevant details so the case can be investigated privately.,false,AI-assisted initial label from customer text and linked AppleSupport reply; human audit required before submission.
156,151464,@AppleSupport airplay will not connect my iPhone 6 to my @8595 avr x2400h. it worked fine before iOS 11. factory reset both phone and avr.  latest updates installed on all devices . still wont worked. my HP laptop with iTunes airplay working 100% to same avr. please help,"@150589 Thanks for reaching out.  We want to help.  What is the exact version number on this iPhone 6? Go to Settings &gt; General &gt; About to get that information.  Also, does your iPhone 6 connect to any other device?",device_or_software,"Ask for the device model, software version, and issue details so Apple Support can troubleshoot.",false,AI-assisted initial label from customer text and linked AppleSupport reply; human audit required before submission.
157,94805,fix this bc APPLE MUSIC IS $10 NOT $15 @115948 @AppleSupport https://t.co/oRUzVAa7qd,@136596  We want to make sure your billing questions are addressed quickly. You can reach out to our iTunes Support team directly at https://t.co/SDIe7UiyJN. They'll be happy to look into this with you.,refund_or_charge,Direct the customer to the official Apple Support contact channel for case-specific assistance.,false,AI-assisted initial label from customer text and linked AppleSupport reply; human audit required before submission.
158,98831,@AppleSupport It is updated that’s the worst part!,"@137631 If the iPhone is still restarting on you, send us a DM and let us know. Include the country you're in. https://t.co/GDrqU22YpT",device_or_software,Ask the customer to contact Apple Support by DM with the relevant details so the case can be investigated privately.,false,AI-assisted initial label from customer text and linked AppleSupport reply; human audit required before submission.
159,98871,"After putting it off for so long and ignoring it I got forced into updating my phone to the newest iOS, and what happens immediately after? My phone screen was unresponsive to touch or restart commands. @115858 ya’ll shady. Updates should improve not make things worse. #greedy",@137644 Hey there. Let's talk and work together to get your iPhone responding as expected. Please tap here to meet us in a DM and we'll get started: https://t.co/GDrqU22YpT,device_or_software,Ask the customer to contact Apple Support by DM with the relevant details so the case can be investigated privately.,false,AI-assisted initial label from customer text and linked AppleSupport reply; human audit required before submission.
160,126379,"@AppleSupport I updated to 11.1.2 and i still see the letter ""I"" glitch","@144365 Are you seeing that in items that you post or create, or those posted and created by others? We'd like to help you with this.",device_or_software,"Ask for the device model, software version, and issue details so Apple Support can troubleshoot.",false,AI-assisted initial label from customer text and linked AppleSupport reply; human audit required before submission.
161,92529,"@AppleSupport this is what the new iOS 11 update does. You’ve ruined my phone with the new update. 
I am certain I am not the only one who feels this way. https://t.co/bKStjof2Uw",@136035 We'd be happy to look into this with you more in detail.  Let us know in DM the issue's you're experiencing and the iOS device you're using and we'll continue from there. https://t.co/GDrqU22YpT,device_or_software,Ask the customer to contact Apple Support by DM with the relevant details so the case can be investigated privately.,false,AI-assisted initial label from customer text and linked AppleSupport reply; human audit required before submission.
162,61068,@AppleSupport Have to assume this is a bug in the latest iOS update. The letter “I” keeps replacing to A [?]. Is there a fix coming? https://t.co/3hPW4dfgBZ,@129978 DM us using the link below. We'll look into this with you from there. https://t.co/GDrqU22YpT,device_or_software,Ask the customer to contact Apple Support by DM with the relevant details so the case can be investigated privately.,false,AI-assisted initial label from customer text and linked AppleSupport reply; human audit required before submission.
163,81825,@AppleSupport I am beginning to believe the rumor that the latest iPhone upgrade is faulty in part to force us to buy new phones...I’m on a fixed income now my phone should not be worn out...it’s certainly no fun to use now it’s so slow.. iPhoto slow and the phone drops calls..,@134124 We want to help. Which iOS version is your device currently running?,device_or_software,"Ask for the device model, software version, and issue details so Apple Support can troubleshoot.",false,AI-assisted initial label from customer text and linked AppleSupport reply; human audit required before submission.
164,155959,"@115858 Allez vous faire enculer avec vos mise à jours de merde la, plus y’a de maj plus le téléphone bug ptn",@151803 We offer support via Twitter in English. Contact an Advisor for help in your preferred language here: https://t.co/IBIY3vMgPj,praise_or_other,Direct the customer to the official Apple Support contact channel for case-specific assistance.,true,AI-assisted initial label from customer text and linked AppleSupport reply; human audit required before submission.
165,123704,@AppleSupport The cable that came with my iPhone is damaged so I had to buy one at a store. It happens on my iPhone 6s,@143658 Thanks for reaching out to us for support. We would love to help you. Please DM us so that we can look into this together. https://t.co/GDrqU22YpT,device_or_software,Ask the customer to contact Apple Support by DM with the relevant details so the case can be investigated privately.,false,AI-assisted initial label from customer text and linked AppleSupport reply; human audit required before submission.
166,49195,Lol @115858 can you please fix this bug or whatever that is impacting our phones. Sincerely @126992 and I️,@126993 We'd like to look into what''s happening with your text. Please send us a DM with which version of iOS you're updated to. https://t.co/GDrqU22YpT,device_or_software,Ask the customer to contact Apple Support by DM with the relevant details so the case can be investigated privately.,false,AI-assisted initial label from customer text and linked AppleSupport reply; human audit required before submission.
167,193585,"@AppleSupport @161514 Updated to 11.0.2, screen keeps freezing &amp; turning black",@161515 Let's have a look at this together. Please DM us. https://t.co/GDrqU22YpT,device_or_software,Ask the customer to contact Apple Support by DM with the relevant details so the case can be investigated privately.,false,AI-assisted initial label from customer text and linked AppleSupport reply; human audit required before submission.
168,12000,what’s up with the letter “i” man? pls fix. i’m annoyed. @115858 @AppleSupport,@118360 You've come to the right place. May we ask when you started to notice the situation?,device_or_software,"Ask for the device model, software version, and issue details so Apple Support can troubleshoot.",false,AI-assisted initial label from customer text and linked AppleSupport reply; human audit required before submission.
169,33349,@115858 appstore giving me grief AGAIN trying to update xcode been at '0 bytes of 5G - less than a minute' for hours now.,@123373 We understand wanting to get this resolved. Get in touch with our Developer support here: https://t.co/MN29maiV1D,device_or_software,"Ask for the device model, software version, and issue details so Apple Support can troubleshoot.",false,AI-assisted initial label from customer text and linked AppleSupport reply; human audit required before submission.
170,29555,@AppleSupport And this is my textbook and one on top is Airbnb https://t.co/Uxd9ZGKAG7,"@122491 Thank you for showing us those screenshots. Which version of iOS 11 do you have on your iPhone right now? You can check at: Settings &gt; General &gt; About

Does the logo return to normal after the app loads? Does this happen with all apps?",device_or_software,"Ask for the device model, software version, and issue details so Apple Support can troubleshoot.",false,AI-assisted initial label from customer text and linked AppleSupport reply; human audit required before submission.
171,51699,"@115858 Here's a thought: new phone numbers in iOS default to ""home fax."" Maybe that's something you could fix please, or is an inside joke?",@127614 Let's take a closer look together. What's your model and exact OS version number? Any steps tried so far?,device_or_software,"Ask for the device model, software version, and issue details so Apple Support can troubleshoot.",false,AI-assisted initial label from customer text and linked AppleSupport reply; human audit required before submission.
172,90868,@AppleSupport OK. So why whenever I close my Macbook or let my screen sleep I have to power it off and on to make it work? Shouldn't have upgraded.,"@135688 We would like to try a couple of different troubleshooting steps regarding your Mac. There’s a few settings that we can help reset that may clear up your issue.

First would be an SMC reset: https://t.co/FYojVXHuwn

Second would be a NVRAM reset: https://t.co/sf0JEbUJVS",device_or_software,"Ask for the device model, software version, and issue details so Apple Support can troubleshoot.",false,AI-assisted initial label from customer text and linked AppleSupport reply; human audit required before submission.
173,50592,I find it a little weird how @115858 created glitches in our phones in order to get us to buy a new phone. I’m not buying nothing but you WILL fix my phone.,"@127349 We're here to help. Let us know via DM what is going on, in as much detail as possible, then we'll help out from there. https://t.co/GDrqU22YpT",delivery_or_order,Ask the customer to contact Apple Support by DM with the relevant details so the case can be investigated privately.,false,AI-assisted initial label from customer text and linked AppleSupport reply; human audit required before submission.
174,33323,@115858 Fail on your website from an iPhone/Safari - tap the special opening hours link and nothing happens https://t.co/rOOUxIwWgF,@123364 We appreciate the information! We definitely want to help you with this. Please send us a DM. https://t.co/GDrqU22YpT,device_or_software,Ask the customer to contact Apple Support by DM with the relevant details so the case can be investigated privately.,false,AI-assisted initial label from customer text and linked AppleSupport reply; human audit required before submission.
175,17307,"in a matter of 4 hours i had to make 3 hard resets on my phone, i just made 2 hard resets on this phone’s life before iOS 11. fix this @115858 @AppleSupport",@119816 Certainly not what we want you to experience. We'd love to look into this with you and help resolve ensure your iPhone is working 100% as expected. Please DM us and let us know which iPhone and the exact version of iOS you're using. https://t.co/GDrqU22YpT,device_or_software,Ask the customer to contact Apple Support by DM with the relevant details so the case can be investigated privately.,false,AI-assisted initial label from customer text and linked AppleSupport reply; human audit required before submission.
176,145274,"Hi @AppleSupport, i am having battery drain issues on my iphone 7 plus. Do you aware of this problem? Problem came with 11.1.2. https://t.co/8WMm9dJTbr",@148929 HI there! We can definitely look into this with you. Send us a DM and we'll investigate this further. https://t.co/GDrqU22YpT,device_or_software,Ask the customer to contact Apple Support by DM with the relevant details so the case can be investigated privately.,false,AI-assisted initial label from customer text and linked AppleSupport reply; human audit required before submission.
177,84267,@AppleSupport It was working fine on IOS 10 but once I upgraded to IOS 11 problem started.its iPhone 6 plus.please give me solution as I am not able to use my device touch is unresponsive,@134541 Thanks for clarifying. Let's move into DM so we can look at our options. Use the button below to get started. https://t.co/GDrqU22YpT,device_or_software,Ask the customer to contact Apple Support by DM with the relevant details so the case can be investigated privately.,false,AI-assisted initial label from customer text and linked AppleSupport reply; human audit required before submission.
178,105369,@AppleSupport Ok thanks - yes I have that - I hadn’t opened it but I’ll follow along and get back to you.,"@139271 Excellent, thank you for confirming. Let us know the results or if you run into any issues, DM us using the link below and we'll continue. https://t.co/GDrqU22YpT",device_or_software,Ask the customer to contact Apple Support by DM with the relevant details so the case can be investigated privately.,false,AI-assisted initial label from customer text and linked AppleSupport reply; human audit required before submission.
179,188618,@AppleSupport Yes! Its working on external display https://t.co/rDG84Hg3Qc,@160271 Thanks! Let's discuss this further in DM. https://t.co/GDrqU22YpT,device_or_software,Ask the customer to contact Apple Support by DM with the relevant details so the case can be investigated privately.,false,AI-assisted initial label from customer text and linked AppleSupport reply; human audit required before submission.
180,58182,Yo @AppleSupport I️ I️ I️ I️ I️ I️ I️ I️,"@129211 We're here to help. Send us a DM with your iOS version, and we'll continue there. https://t.co/GDrqU22YpT",device_or_software,Ask the customer to contact Apple Support by DM with the relevant details so the case can be investigated privately.,false,AI-assisted initial label from customer text and linked AppleSupport reply; human audit required before submission.
